id,value
Education
Education > Further and higher education, skills and vocational training,408
Education > Further and higher education, skills and vocational training > Further education funding,124
Education > Further and higher education, skills and vocational training > Further education funding > Administering student funding,19
Education > Further and higher education, skills and vocational training > Further education funding > Dance and drama funding for 16 to 19 year olds,3
Education > Further and higher education, skills and vocational training > Further education funding > Further education funding data,53
Education > Further and higher education, skills and vocational training > Further education funding > Free meals for 16 to 18 year olds,2
Education > Further and higher education, skills and vocational training > Further education funding > European Social Fund (ESF) and skills funding,15
Education > Further and higher education, skills and vocational training > Further education funding > Further education buildings and land,12
Education > Further and higher education, skills and vocational training > Further education funding > Apprenticeships funding,24
Education > Further and higher education, skills and vocational training > Further education funding > Adult education funding,7
Education > Further and higher education, skills and vocational training > Apprenticeships, traineeships and internships,173
Education > Further and higher education, skills and vocational training > Apprenticeships, traineeships and internships > Hiring and training an intern or trainee,15
Education > Further and higher education, skills and vocational training > Apprenticeships, traineeships and internships > Types of apprenticeships,128
Education > Further and higher education, skills and vocational training > Apprenticeships, traineeships and internships > Becoming an intern or trainee,19
Education > Further and higher education, skills and vocational training > Apprenticeships, traineeships and internships > Becoming an apprentice,17
Education > Further and higher education, skills and vocational training > Apprenticeships, traineeships and internships > Hiring and training an apprentice,394
Education > Further and higher education, skills and vocational training > Adult and community learning,32
Education > Further and higher education, skills and vocational training > Careers guidance in further and higher education,42
Education > Further and higher education, skills and vocational training > Further and higher education courses and qualifications,113
Education > Further and higher education, skills and vocational training > Further and higher education courses and qualifications > Functional skills,8
Education > Further and higher education, skills and vocational training > Further and higher education courses and qualifications > Principal learning qualifications,4
Education > Further and higher education, skills and vocational training > Further education financial management and data collection,10
Education > Further and higher education, skills and vocational training > Further education financial management and data collection > Data collection for further education providers,30
Education > Further and higher education, skills and vocational training > Further education financial management and data collection > Local authority further education financial reporting and assurance,7
Education > Further and higher education, skills and vocational training > Further education financial management and data collection > Financial management for further education providers,23
Education > Further and higher education, skills and vocational training > Running a further or higher education institution,61
Education > Further and higher education, skills and vocational training > Learning Records Service (LRS),20
Education > Further and higher education, skills and vocational training > Education in prisons,10
Education > Pupil wellbeing, behaviour and attendance,65
Education > Pupil wellbeing, behaviour and attendance > School attendance and absence,78
Education > Pupil wellbeing, behaviour and attendance > School discipline and exclusions,48
Education > Pupil wellbeing, behaviour and attendance > Safeguarding pupils,33
Education > Pupil wellbeing, behaviour and attendance > Health, safety and wellbeing in schools,41
Education > Pupil wellbeing, behaviour and attendance > School bullying,25
Education > Pupil wellbeing, behaviour and attendance > Alternative provision and pupil referral units,22
Education > Teaching and leadership,96
Education > Teaching and leadership > Teaching standards, misconduct and practice,673
Education > Teaching and leadership > Teacher training and professional development,92
Education > Teaching and leadership > Teacher training and professional development > School leadership,81
Education > Teaching and leadership > Teacher training and professional development > Initial Teacher Training (ITT),145
Education > Teaching and leadership > Teacher training and professional development > Qualified Teacher Status (QTS),17
Education > Teaching and leadership > Recruiting, inducting and managing teachers,61
Education > Teaching and leadership > Teacher pay, pensions and conditions,119
Education > Teaching and leadership > Teacher records,2
Education > Inspections and performance of education providers,25
Education > Inspections and performance of education providers > Inspection and performance of schools,214
Education > Inspections and performance of education providers > Inspection and performance of schools > School intervention notices and reports,210
Education > Inspections and performance of education providers > Inspection and performance of schools > Inspection of local authority support for schools,43
Education > Inspections and performance of education providers > Inspection and performance of schools > School performance tables and Ofsted reports,138
Education > Inspections and performance of education providers > Inspection and performance of schools > Inspection of maintained schools and academies,115
Education > Inspections and performance of education providers > Inspection and performance of schools > Inspection of boarding and residential schools,17
Education > Inspections and performance of education providers > Inspection and performance of schools > Inspection of non-maintained schools,2
Education > Inspections and performance of education providers > Inspection and performance of schools > Inspection of British schools overseas,7
Education > Inspections and performance of education providers > Inspection and performance of schools > School performance measures,62
Education > Inspections and performance of education providers > Inspection and performance of schools > Inspection of independent schools,46
Education > Inspections and performance of education providers > Inspection and performance of schools > Pupil performance in schools,87
Education > Inspections and performance of education providers > Inspection and performance of further education providers,115
Education > Inspections and performance of education providers > Inspection and performance of further education providers > Inspection of further education and skills providers,60
Education > Inspections and performance of education providers > Inspection and performance of further education providers > Performance data and Ofsted reports of further education providers,37
Education > Inspections and performance of education providers > Inspection and performance of further education providers > Further education provider performance measures,37
Education > Inspections and performance of education providers > Inspection and performance of further education providers > Student performance in further education,18
Education > Inspections and performance of education providers > Inspection and performance of further education providers > Further education intervention notices and reports,17
Education > Inspections and performance of education providers > Inspection and performance of further education providers > Inspection of residential provision in further education colleges,3
Education > Education of disadvantaged children,97
Education > Starting and attending school,9
Education > Starting and attending school > Sending a child to school,15
Education > Starting and attending school > Help with school costs,9
Education > Starting and attending school > Dealing with problems at school,12
Education > Starting and attending school > Home schooling,6
Education > Running and managing a school,173
Education > Running and managing a school > Data collection and censuses for schools,46
Education > Running and managing a school > Data collection and censuses for schools > School censuses and school-level annual school censuses (SLASC),45
Education > Running and managing a school > Data collection and censuses for schools > School preference and admission appeals data collection,14
Education > Running and managing a school > Data collection and censuses for schools > Key stage 1 and 2 assessments data collection,9
Education > Running and managing a school > Data collection and censuses for schools > Parental responsibility measures attendance censuses,4
Education > Running and managing a school > Data collection and censuses for schools > School capacity surveys,11
Education > Running and managing a school > Data collection and censuses for schools > Alternative provision censuses,10
Education > Running and managing a school > Data collection and censuses for schools > Special educational needs surveys,3
Education > Running and managing a school > Data collection and censuses for schools > Phonics screening checks,14
Education > Running and managing a school > Data collection and censuses for schools > General hospital school censuses,3
Education > Running and managing a school > Data collection and censuses for schools > School exclusion reviews,3
Education > Running and managing a school > Data collection and censuses for schools > School workforce censuses,13
Education > Running and managing a school > School buildings and land,32
Education > Running and managing a school > School buildings and land > School places,38
Education > Running and managing a school > School buildings and land > School buildings and land transactions,12
Education > Running and managing a school > School buildings and land > School buildings and land guidelines,43
Education > Running and managing a school > School planning,23
Education > Running and managing a school > School governance,61
Education > Running and managing a school > School food, accommodation, transport and uniform,26
Education > Running and managing a school > Setting up or changing the status of a school,56
Education > Running and managing a school > Setting up or changing the status of a school > Set up or convert to an academy,73
Education > Running and managing a school > Setting up or changing the status of a school > Set up and develop a multi-academy trust (MAT),12
Education > Running and managing a school > Setting up or changing the status of a school > Set up a free school,112
Education > Running and managing a school > School to school support,47
Education > Running and managing a school > School complaints and whistleblowing,11
Education > Running and managing a school > School trips and extracurricular activity,34
Education > Running and managing a school > School admissions,100
Education > Running and managing a school > Careers guidance in schools,31
Education > Running and managing a school > Recruiting and managing non-teaching school staff,30
Education > School and academy financial management and assurance,21
Education > School and academy financial management and assurance > Financial management, reporting and assurances for 16 to 19 year olds funding,13
Education > School and academy financial management and assurance > School procurement,32
Education > School and academy financial management and assurance > Academy and academy trust finance and reporting,70
Education > School and academy financial management and assurance > Local authority schools financial reporting and assurance,45
Education > Funding and finance for students,11
Education > Funding and finance for students > Student grants, bursaries and scholarships,43
Education > Funding and finance for students > Financial help for students who are parents or carers,5
Education > Funding and finance for students > Student loans,52
Education > School curriculum,118
Education > School curriculum > Primary curriculum, key stage 2,40
Education > School curriculum > Primary curriculum, key stage 2 > Programmes of study (key stage 2),12
Education > School curriculum > Primary curriculum, key stage 2 > Science (key stage 2),8
Education > School curriculum > Primary curriculum, key stage 2 > English (key stage 2),11
Education > School curriculum > Primary curriculum, key stage 2 > Maths (key stage 2),14
Education > School curriculum > Primary curriculum, key stage 2 > Tests and assessments (key stage 2),254
Education > School curriculum > Spiritual, moral, social and cultural development,72
Education > School curriculum > Early years curriculum,34
Education > School curriculum > Secondary curriculum, key stage 3 and key stage 4 (GCSEs),94
Education > School curriculum > Secondary curriculum, key stage 3 and key stage 4 (GCSEs) > GCSE changes and reforms,219
Education > School curriculum > Secondary curriculum, key stage 3 and key stage 4 (GCSEs) > Key stage 3 and 4 exam marking, qualifications and results,289
Education > School curriculum > Secondary curriculum, key stage 3 and key stage 4 (GCSEs) > GCSE subject content and requirements,210
Education > School curriculum > Primary curriculum, key stage 1,38
Education > School curriculum > Primary curriculum, key stage 1 > Programmes of study (key stage 1),11
Education > School curriculum > Primary curriculum, key stage 1 > Science (key stage 1),3
Education > School curriculum > Primary curriculum, key stage 1 > Maths (key stage 1),9
Education > School curriculum > Primary curriculum, key stage 1 > Tests and assessments (key stage 1),181
Education > School curriculum > Primary curriculum, key stage 1 > Phonics,95
Education > School curriculum > Exam regulation and administration,315
Education > School curriculum > Personal, social, health and economic education,31
Education > School curriculum > Key stage 5 (AS and A Levels),36
Education > School curriculum > Key stage 5 (AS and A Levels) > AS and A level subject content and requirements,164
Education > School curriculum > Key stage 5 (AS and A Levels) > AS and A level changes and reforms,137
Education > School curriculum > Key stage 5 (AS and A Levels) > Key stage 5 exam marking, qualifications and results,236
Education > Special educational needs and disability (SEND) and high needs,121
Education > Special educational needs and disability (SEND) and high needs > Funding for special educational needs and disability (SEND),39
Education > Special educational needs and disability (SEND) and high needs > Support for special educational needs and disability (SEND) ,60
Education > Special educational needs and disability (SEND) and high needs > Funding for high needs,18
Education > School and academy funding,137
Education > School and academy funding > Funding for different types of schools and settings,40
Education > School and academy funding > Funding for different types of schools and settings > Special schools funding,7
Education > School and academy funding > Funding for different types of schools and settings > Alternative provision funding,7
Education > School and academy funding > Funding for different types of schools and settings > Local authority schools funding,53
Education > School and academy funding > Funding for different types of schools and settings > Funding for 16 to 19 year olds in schools,45
Education > School and academy funding > Funding for different types of schools and settings > Academy funding,58
Education > School and academy funding > Funding for different types of schools and settings > Early years funding,32
Education > School and academy funding > Pupil premium and other school premiums ,66
Education > School and academy funding > Free school meals (FSM) funding ,23
Education > School and academy funding > Funding for school buildings and land,80
Education > School and academy funding > Schools forums,4
Education > School and academy funding > Initial Teacher Training funding,13
Education > School and academy funding > Initial Teacher Training funding > School Direct funding,5
Education > School and academy funding > Initial Teacher Training funding > Subject Knowledge Enhancement (SKE) funding,9
Education > School and academy funding > Funding for school places,15
